<?xml version="1.0" encoding="UTF-8" ?>
<module>
    <name>aa_loones</name>
    <displayName><![CDATA[Loones Marketplace]]></displayName>
    <version><![CDATA[0.1]]></version>
    <description><![CDATA[Este m&oacute;dulo gestiona el front office y back office del Marketplace de Loones]]></description>
    <author><![CDATA[Loones]]></author>
    <tab><![CDATA[front_office_features]]></tab>
	<confirmUninstall><![CDATA[¿Estás seguro de que deseas desinstalar?]]></confirmUninstall>
    <is_configurable>1</is_configurable>
    <need_instance>0</need_instance>
	<limited_countries></limited_countries>
</module>